{"cameraMode":{"drawMode":0,"name":"Shaded","section":"Shading Mode"},"sceneLighting":true,"audioPlay":false,"sceneViewState":{"showFog":true,"showMaterialUpdate":false,"showSkybox":true,"showFlares":true,"showImageEffects":true,"showParticleSystems":true},"in2DMode":false,"pivot":{"x":-39.821956634521487,"y":4.15282678604126,"z":53.11372756958008},"rotation":{"x":-0.0002892258926294744,"y":0.36212751269340517,"z":-0.00011087089660577476,"w":-0.9321436285972595},"size":75.43748474121094,"orthographic":false}