{"cameraMode":{"drawMode":0,"name":"Shaded","section":"Shading Mode"},"sceneLighting":true,"audioPlay":false,"sceneViewState":{"showFog":true,"showMaterialUpdate":false,"showSkybox":true,"showFlares":true,"showImageEffects":true,"showParticleSystems":true},"in2DMode":false,"pivot":{"x":32.0853271484375,"y":1.6655715703964234,"z":-36.93198013305664},"rotation":{"x":0.013068732805550099,"y":0.8426213264465332,"z":-0.02049586921930313,"w":0.5380202531814575},"size":29.901071548461915,"orthographic":false}