{"cameraMode":{"drawMode":0,"name":"Shaded","section":"Shading Mode"},"sceneLighting":false,"audioPlay":false,"sceneViewState":{"showFog":true,"showMaterialUpdate":false,"showSkybox":false,"showFlares":true,"showImageEffects":true,"showParticleSystems":true},"in2DMode":false,"pivot":{"x":1.1833288669586182,"y":1.7859091758728028,"z":-5.118055820465088},"rotation":{"x":-0.13986188173294068,"y":-0.6233128309249878,"z":0.11458965390920639,"w":-0.7607811093330383},"size":4.858917713165283,"orthographic":false}