{"cameraMode":{"drawMode":0,"name":"Shaded","section":"Shading Mode"},"sceneLighting":true,"audioPlay":false,"sceneViewState":{"showFog":true,"showMaterialUpdate":false,"showSkybox":true,"showFlares":true,"showImageEffects":true,"showParticleSystems":true},"in2DMode":false,"pivot":{"x":-1.6048145294189454,"y":0.5584700107574463,"z":0.5631017684936523},"rotation":{"x":-0.04093700647354126,"y":0.6982801556587219,"z":-0.04006198048591614,"w":-0.7135297060012817},"size":7.387467384338379,"orthographic":false}