{"cameraMode":{"drawMode":0,"name":"Shaded","section":"Shading Mode"},"sceneLighting":false,"audioPlay":false,"sceneViewState":{"showFog":true,"showMaterialUpdate":false,"showSkybox":false,"showFlares":true,"showImageEffects":true,"showParticleSystems":true},"in2DMode":false,"pivot":{"x":-1.436126947402954,"y":1.3981022834777833,"z":1.798660159111023},"rotation":{"x":0.007852200418710709,"y":-0.9838426113128662,"z":0.17325136065483094,"w":0.044589944183826449},"size":2.592900514602661,"orthographic":false}