{"cameraMode":{"drawMode":0,"name":"Shaded","section":"Shading Mode"},"sceneLighting":true,"audioPlay":false,"sceneViewState":{"showFog":true,"showMaterialUpdate":false,"showSkybox":true,"showFlares":true,"showImageEffects":true,"showParticleSystems":true},"in2DMode":false,"pivot":{"x":-7.443447113037109,"y":1.0272094011306763,"z":2.3266725540161135},"rotation":{"x":0.0012830791529268027,"y":-0.5179898738861084,"z":0.0007769924122840166,"w":0.8553857207298279},"size":3.72548770904541,"orthographic":true}