{"cameraMode":{"drawMode":0,"name":"Shaded","section":"Shading Mode"},"sceneLighting":false,"audioPlay":false,"sceneViewState":{"showFog":true,"showMaterialUpdate":false,"showSkybox":false,"showFlares":true,"showImageEffects":true,"showParticleSystems":true},"in2DMode":false,"pivot":{"x":-2.009133815765381,"y":1.3981027603149415,"z":2.693800926208496},"rotation":{"x":-0.07985279709100723,"y":0.8713153600692749,"z":-0.15127059817314149,"w":-0.45995211601257326},"size":1.925487995147705,"orthographic":false}