{"cameraMode":{"drawMode":0,"name":"Shaded","section":"Shading Mode"},"sceneLighting":true,"audioPlay":false,"sceneViewState":{"showFog":true,"showMaterialUpdate":false,"showSkybox":false,"showFlares":true,"showImageEffects":true,"showParticleSystems":true},"in2DMode":false,"pivot":{"x":16.066837310791017,"y":-8.802214622497559,"z":16.287622451782228},"rotation":{"x":-0.23724253475666047,"y":-0.06057998165488243,"z":0.01482382882386446,"w":-0.9694564342498779},"size":40.010372161865237,"orthographic":false}