{"cameraMode":{"drawMode":0,"name":"Shaded","section":"Shading Mode"},"sceneLighting":true,"audioPlay":false,"sceneViewState":{"showFog":true,"showMaterialUpdate":false,"showSkybox":true,"showFlares":true,"showImageEffects":true,"showParticleSystems":true},"in2DMode":false,"pivot":{"x":-48.98395919799805,"y":-19.03570556640625,"z":42.39165115356445},"rotation":{"x":0.1576196700334549,"y":-0.38277560472488406,"z":0.06645016372203827,"w":0.9078770279884338},"size":85.03340911865235,"orthographic":false}