{"cameraMode":{"drawMode":0,"name":"Shaded","section":"Shading Mode"},"sceneLighting":false,"audioPlay":false,"sceneViewState":{"showFog":true,"showMaterialUpdate":false,"showSkybox":false,"showFlares":true,"showImageEffects":true,"showParticleSystems":true},"in2DMode":false,"pivot":{"x":1.1399539709091187,"y":1.630146861076355,"z":-4.338188171386719},"rotation":{"x":-0.1580408215522766,"y":-0.7396476864814758,"z":0.18642446398735047,"w":-0.6270603537559509},"size":5.085641860961914,"orthographic":false}