{"cameraMode":{"drawMode":0,"name":"Shaded","section":"Shading Mode"},"sceneLighting":false,"audioPlay":false,"sceneViewState":{"showFog":true,"showMaterialUpdate":false,"showSkybox":false,"showFlares":true,"showImageEffects":true,"showParticleSystems":true},"in2DMode":false,"pivot":{"x":1.0857110023498536,"y":1.485864281654358,"z":-0.9982928037643433},"rotation":{"x":0.04646492376923561,"y":0.8525480031967163,"z":-0.07693669199943543,"w":0.5148701667785645},"size":3.72548770904541,"orthographic":false}