{"cameraMode":{"drawMode":0,"name":"Shaded","section":"Shading Mode"},"sceneLighting":true,"audioPlay":false,"sceneViewState":{"showFog":true,"showMaterialUpdate":false,"showSkybox":true,"showFlares":true,"showImageEffects":true,"showParticleSystems":true},"in2DMode":false,"pivot":{"x":-48.98395919799805,"y":-19.03570556640625,"z":42.39165115356445},"rotation":{"x":0.14789056777954102,"y":-0.38617902994155886,"z":0.06287125498056412,"w":0.908327579498291},"size":70.97919464111328,"orthographic":false}