{"cameraMode":{"drawMode":0,"name":"Shaded","section":"Shading Mode"},"sceneLighting":true,"audioPlay":false,"sceneViewState":{"showFog":true,"showMaterialUpdate":false,"showSkybox":true,"showFlares":true,"showImageEffects":true,"showParticleSystems":true},"in2DMode":false,"pivot":{"x":-23.302907943725587,"y":2.2320244312286379,"z":39.46282958984375},"rotation":{"x":-0.0008593371021561325,"y":0.2917858958244324,"z":-0.0002613646211102605,"w":-0.9564869403839111},"size":55.1026496887207,"orthographic":false}